chr1	21459894	BND	MinQUAL;SampleFT	0/0	0/0	0/1
chr1	58037978	BND	SampleFT	0/0	0/0	0/1
chr1	78064742	BND	MinQUAL;SampleFT	0/0	0/0	0/1
chr1	226227772	BND	SampleFT	0/0	0/1	0/1
chr2	3043470	DUP	MaxDepth;SampleFT	1/1	0/1	0/0
chr2	47092650	BND	SampleFT	0/0	0/0	0/1
chr2	88729710	DEL	MaxDepth;NoPairSupport;SampleFT	1/1	0/0	0/0
chr2	102706024	DEL	MaxDepth;SampleFT	1/1	0/0	0/1
chr2	152113988	BND	MinQUAL;SampleFT	0/0	0/0	0/1
chr2	241052669	DEL	MaxDepth	1/1	1/1	0/0
chr3	10950088	DEL	SampleFT	0/1	0/0	0/1
chr3	64105168	BND	SampleFT	0/0	0/0	0/1
chr3	119956028	BND	SampleFT	0/1	0/0	0/0
chr3	153364960	BND	SampleFT	0/1	0/0	0/0
chr3	170011895	BND	SampleFT	0/0	1/1	0/0
chr4	18743350	BND	MinQUAL	0/0	0/0	0/1
chr4	108408748	BND	SampleFT	1/1	0/0	0/1
chr5	35036113	BND	SampleFT	0/1	0/0	0/0
chr5	38433560	DUP	MinQUAL	0/0	0/0	0/1
chr5	142077395	BND	PASS	0/0	0/1	0/1
chr5	143461439	BND	SampleFT	0/0	0/1	0/0
chr5	151838383	BND	SampleFT	1/1	0/1	0/0
chr5	176306386	BND	MaxDepth	0/0	0/1	0/1
chr5	180312028	DEL	SampleFT	0/0	1/1	0/0
chr6	4050007	DEL	MaxDepth;SampleFT	1/1	1/1	0/0
chr6	5778107	BND	MinQUAL;SampleFT	0/0	0/0	0/1
chr6	7405791	BND	MinQUAL;SampleFT	0/1	0/0	0/0
chr6	21660190	BND	PASS	0/0	0/1	0/0
chr6	31243839	DEL	SampleFT	0/0	0/0	1/1
chr6	145497526	DEL	MaxDepth;SampleFT	0/0	1/1	1/1
chr6	158845287	BND	MinQUAL	0/0	0/0	0/1
chr7	4905393	BND	MinQUAL	0/0	0/1	0/0
chr7	36313063	DEL	SampleFT	0/0	0/0	1/1
chr7	65797480	DUP	SampleFT	0/1	0/0	0/1
chr7	100966141	INS	SampleFT	0/1	1/1	0/0
chr7	111054128	DEL	SampleFT	0/1	0/1	0/0
chr7	125624153	BND	SampleFT	0/0	0/0	0/1
chr7	156896521	BND	SampleFT	0/1	0/0	0/0
chr8	25469705	DEL	MaxDepth;SampleFT	0/0	0/0	1/1
chr8	27918643	DEL	SampleFT	0/0	0/0	1/1
chr8	80921513	BND	PASS	0/0	0/1	0/0
chr8	100023360	BND	SampleFT	0/0	0/0	0/1
chr8	141437040	DEL	MaxDepth;SampleFT	0/0	0/0	1/1
chr9	85565595	BND	SampleFT	0/0	0/0	0/1
chr9	113174804	DEL	MaxDepth;SampleFT	0/0	0/0	1/1
chr9	133514088	DEL	MaxDepth;SampleFT	0/0	0/0	1/1
chr10	65066909	BND	SampleFT	0/1	0/0	0/0
chr10	69238354	DEL	SampleFT	1/1	0/0	0/0
chr10	78032646	BND	MinQUAL;SampleFT	0/1	0/0	0/0
chr10	85526005	BND	MinQUAL	0/0	0/1	0/0
chr10	97641708	BND	MinQUAL;SampleFT	0/0	0/0	0/1
chr10	100892374	BND	SampleFT	0/0	0/0	0/1
chr10	119427625	DEL	SampleFT	0/0	1/1	0/0
chr10	126417903	DEL	SampleFT	0/0	1/1	0/0
chr11	1363631	BND	MinQUAL	0/0	0/0	0/1
chr11	2205482	BND	SampleFT	0/1	0/0	0/0
chr11	8818116	BND	SampleFT	1/1	0/0	0/1
chr11	59516199	BND	SampleFT	0/0	0/1	0/1
chr11	78665267	BND	SampleFT	0/0	0/0	0/1
chr11	134486436	DEL	SampleFT	0/0	0/0	1/1
chr12	8508803	BND	SampleFT	0/0	0/0	0/1
chr12	45197153	BND	SampleFT	1/1	0/0	0/0
chr12	45197378	BND	SampleFT	1/1	0/0	0/0
chr12	73620727	BND	SampleFT	0/0	0/0	0/1
chr12	77956691	BND	SampleFT	0/0	0/0	0/1
chr12	101637049	INS	SampleFT	1/1	1/1	1/1
chr12	117413563	BND	SampleFT	0/0	0/0	0/1
chr12	120809335	BND	MinQUAL;SampleFT	0/0	0/0	0/1
chr12	132198522	BND	MinQUAL	0/0	0/0	0/1
chr13	75436549	BND	SampleFT	0/0	0/0	0/1
chr13	81793563	BND	PASS	0/0	0/1	0/1
chr13	110324607	BND	SampleFT	1/1	0/1	0/0
chr13	110589541	BND	SampleFT	0/0	0/0	0/1
chr13	112803899	DEL	MaxDepth	0/0	0/0	0/1
chr13	113999035	DEL	SampleFT	0/0	1/1	0/0
chr14	51735815	BND	MinQUAL;SampleFT	0/1	0/0	0/0
chr14	76845315	BND	MinQUAL;SampleFT	0/0	0/0	0/1
chr14	93184923	BND	SampleFT	0/0	1/1	0/0
chr15	43601879	BND	SampleFT	0/0	0/0	0/1
chr15	54528833	BND	MinQUAL;SampleFT	0/0	0/0	0/1
chr15	62655585	DEL	SampleFT	0/0	1/1	0/0
chr15	66341474	DEL	MaxDepth	1/1	1/1	1/1
chr15	77716143	DEL	PASS	0/1	0/1	0/0
chr15	82606521	DEL	SampleFT	0/0	0/0	1/1
chr15	100998920	BND	MinQUAL;SampleFT	0/1	0/0	0/0
chr16	2787135	DEL	SampleFT	0/0	1/1	0/0
chr16	56887502	BND	SampleFT	0/0	0/0	0/1
chr17	8481076	DEL	MaxDepth;SampleFT	1/1	1/1	1/1
chr17	69091510	DEL	SampleFT	0/0	0/0	1/1
chr17	80788182	BND	MinQUAL;SampleFT	0/0	0/0	0/1
chr18	52009304	BND	SampleFT	0/0	0/0	0/1
chr18	57714587	BND	MaxDepth	0/0	0/1	0/1
chr18	59237459	BND	MinQUAL;SampleFT	0/0	0/0	0/1
chr18	70339226	BND	SampleFT	0/0	0/0	0/1
chr18	79297746	DEL	SampleFT	0/1	0/1	0/0
chr19	878358	DEL	MaxDepth;SampleFT	0/0	0/1	0/0
chr19	2278344	DEL	MaxDepth;SampleFT	0/0	0/0	1/1
chr19	3820833	DEL	MaxDepth	0/0	0/1	0/1
chr19	4210565	DEL	MaxDepth;SampleFT	0/1	1/1	0/1
chr19	18881778	BND	SampleFT	0/1	0/0	0/0
chr19	29858967	BND	SampleFT	0/0	0/1	0/0
chr19	33233117	BND	SampleFT	0/1	0/0	0/0
chr19	52776436	BND	SampleFT	0/0	0/0	0/1
chr20	40715574	BND	SampleFT	0/0	0/0	0/1
chr21	9246872	BND	MaxDepth;SampleFT	0/0	0/0	0/1
chr21	42439830	BND	SampleFT	0/1	0/0	0/0
chr21	46120125	INS	MaxDepth;SampleFT	0/0	1/1	1/1
chrX	41198366	DEL	MaxDepth;SampleFT	1/1	1/1	1/1
chrX	104612066	DUP	SampleFT	0/1	0/0	0/0
chrX	120010394	BND	SampleFT	0/1	0/0	0/0
chrY	11302355	BND	MaxDepth;SampleFT	0/0	0/0	0/1
chrY	56834398	INS	MaxDepth;SampleFT	0/0	0/0	1/1
chrM	22	DUP	MinQUAL;SampleFT	0/0	0/0	1/1
KI270466.1	856	BND	PASS	0/1	0/0	0/0
KI270467.1	2698	BND	PASS	0/1	0/0	0/0
