chr1	29394268	DUP	MinQUAL;SampleFT	1/1	0/0
chr1	86097487	DEL	MaxDepth;MinQUAL;SampleFT	1/1	0/0
chr1	88662705	BND	SampleFT	0/1	0/0
chr1	224059400	DEL	SampleFT	0/1	1/1
chr1	224205119	DEL	SampleFT	0/0	1/1
chr1	235900660	BND	MaxDepth	0/0	0/1
chr2	32663451	BND	SampleFT	0/1	0/0
chr2	36069352	BND	MaxDepth;MinQUAL;SampleFT	0/0	0/1
chr2	47582850	BND	SampleFT	0/1	0/1
chr2	84216034	BND	SampleFT	0/1	0/0
chr2	99684009	BND	MinQUAL	0/1	0/0
chr2	236793272	DEL	SampleFT	1/1	0/0
chr3	36453627	DEL	SampleFT	1/1	0/0
chr3	56570671	DEL	SampleFT	0/0	1/1
chr4	73206535	BND	MinQUAL	0/0	0/1
chr4	87615925	DEL	MaxDepth	1/1	1/1
chr5	126729360	DUP	SampleFT	0/0	0/1
chr5	156999117	BND	SampleFT	0/0	0/1
chr5	176523402	BND	MinQUAL;SampleFT	0/0	0/1
chr6	61568977	DEL	SampleFT	1/1	0/0
chr6	72941666	DEL	MaxDepth;SampleFT	1/1	1/1
chr6	158792498	BND	MinQUAL	0/1	0/0
chr7	531635	DEL	MaxDepth;SampleFT	0/1	0/1
chr7	906709	DEL	SampleFT	0/0	1/1
chr7	36956871	BND	MaxDepth;MinQUAL	0/0	0/1
chr7	158033141	DEL	SampleFT	0/0	1/1
chr8	27918643	DEL	MaxDepth;SampleFT	1/1	1/1
chr8	127676759	DUP	PASS	0/0	0/1
chr8	127759791	DEL	MaxDepth	1/1	0/1
chr9	109120174	BND	MaxDepth;MinQUAL;SampleFT	0/0	0/1
chr9	121879722	DEL	SampleFT	1/1	0/0
chr10	65547174	DEL	SampleFT	0/1	0/0
chr10	93283852	BND	MaxDepth	0/0	0/1
chr10	125502109	BND	SampleFT	1/1	0/0
chr10	125508650	BND	SampleFT	1/1	0/0
chr11	37407503	BND	SampleFT	0/0	0/1
chr11	71571034	BND	SampleFT	0/0	0/1
chr11	76170839	INS	MinQUAL;SampleFT	0/0	1/1
chr11	106173832	BND	NoPairSupport;SampleFT	0/0	0/1
chr12	124948786	DEL	SampleFT	1/1	0/0
chr12	132345521	INS	SampleFT	1/1	0/0
chr13	112329461	BND	MinQUAL	0/0	0/1
chr14	31344670	DEL	SampleFT	1/1	0/0
chr15	68820396	BND	MaxDepth;MinQUAL	0/0	0/1
chr15	92954786	BND	MinQUAL;SampleFT	0/0	0/1
chr15	98273787	DEL	SampleFT	1/1	0/0
chr16	50058549	BND	MaxDepth;MinQUAL	0/0	0/1
chr17	10235398	BND	SampleFT	0/0	0/1
chr17	12917466	DEL	MaxDepth;NoPairSupport;SampleFT	1/1	1/1
chr18	11826269	DEL	MaxDepth	1/1	1/1
chr19	29895611	DEL	SampleFT	0/0	1/1
chr19	47661359	BND	MaxDepth;MinQUAL	0/0	0/1
chr19	48786766	BND	NoPairSupport;SampleFT	0/0	0/1
chr20	33625867	BND	SampleFT	0/0	0/1
chr21	10668804	BND	SampleFT	0/1	0/0
chr21	13012009	BND	SampleFT	0/0	0/1
chr22	23853676	BND	SampleFT	0/1	0/1
chrX	103911636	DEL	NoPairSupport;SampleFT	1/1	0/0
KI270442.1	97513	DEL	SampleFT	0/1	0/0
